ID_coordonnees,Adresse,Mail,Telephone,Position_actuelle
1,Isidro Fabela,alitchfield0@miibeian.gov.cn,560-450-2816,Baidoa
2,Cukalat,mkasparski1@chronoengine.com,231-178-4080,Uacon
3,Västerås,sjanda2@istockphoto.com,575-557-5249,Lubu
4,Mytishchi,fjochen3@uiuc.edu,586-470-0547,Atlanta
5,Gävle,tzuanelli4@nytimes.com,751-537-6676,Primorsk
6,Jiabei,mblacklidge5@cisco.com,406-992-4041,Marne-la-Vallée
7,Petrijevci,ocantera6@shinystat.com,208-895-1927,Bosanski Šamac
8,Bonao,kwyss7@myspace.com,816-656-5531,Voronezh
9,London,kdaton8@spiegel.de,404-675-5210,Uluarang
10,Kesha,khamblen9@businessweek.com,974-649-1715,Uusikaupunki
11,Sosnovaya Polyana,cgredera@alexa.com,878-678-6110,Novokizhinginsk
12,Guiglo,nsapenab@github.com,840-591-3273,Gaotang
13,Paris 11,tlaffordc@istockphoto.com,112-144-6456,Doro Oo
14,Donostia-San Sebastian,aokendend@reddit.com,210-425-8141,Sobotka
15,Debar,emcsporrine@symantec.com,634-395-7200,Botou
16,Tambovka,asandisonf@kickstarter.com,783-615-7169,Samho-rodongjagu
17,Barubandung,bandreolettig@aol.com,909-466-5930,San Agustin
18,Bang Pahan,cpandyah@squidoo.com,737-929-4847,Tangzha
19,Oksa,mpeermani@va.gov,244-535-7539,Malbug
20,Tyachiv,mscurrj@army.mil,408-859-7430,Aparecida
21,Sydney,wbroddlek@yellowbook.com,483-295-4213,Ayia Napa
22,Creil,nhardeyl@indiegogo.com,144-141-4256,Åtvidaberg
23,Jiangpu,rbaynonm@symantec.com,748-259-6247,Prokuplje
24,Łapanów,eraithbyn@google.com.br,220-181-1825,Xilin
25,Rio Pardo,abeedhamo@wufoo.com,683-965-3901,Péruwelz
26,Katyuzhanka,kevillp@sina.com.cn,506-722-6896,Chemodanovka
27,Ewarton,srosseyq@mapy.cz,638-574-1050,Barili
28,Shuangyang,shovelr@cbsnews.com,499-397-3270,Kassiri
29,Dzerzhinsk,fsizes@yahoo.co.jp,571-800-7341,Itaperuna
30,Ranong,vhentzet@prweb.com,560-547-5747,Arnprior
31,Zhonghechang,tnardrupu@bloomberg.com,627-366-8421,Kitakami
32,Caronoan West,splanquev@theguardian.com,805-286-9049,Nashville
33,Tabuc Pontevedra,fgostickw@gizmodo.com,168-486-4410,Jammāl
34,Illintsi,joxleex@techcrunch.com,358-197-4809,Asprángeloi
35,Lodoyo,cbrusley@liveinternet.ru,951-515-6649,Kaiyun
36,Miaoling,elivelyz@chronoengine.com,667-909-2776,Krasnokuts’k
37,Huatanshan,jmacascaidh10@senate.gov,821-655-1524,Vidnoye
38,Hucheng,bcastellino11@cocolog-nifty.com,854-188-4454,Oslo
39,Pocsi,vwyldbore12@simplemachines.org,816-466-3994,Pimbalayan
40,Wakayama-shi,ehiddy13@icq.com,813-856-2320,Dijon
41,Salto,amckeating14@example.com,190-745-7165,Maţāy
42,Cairo,tmurdy15@google.pl,549-171-1032,Miaofengshan
43,Tianyu,sthornber16@w3.org,586-439-8784,Rychwał
44,Leninskoye,vchoffin17@pen.io,533-580-8028,Changtian
45,Remolino,ghause18@toplist.cz,399-289-5379,Saint-Cloud
46,‘Ayn an Nasr,sfrunks19@indiegogo.com,775-422-8510,Piedras
47,Mariel,lbaird1a@weather.com,792-759-5343,Medaya
48,Orsha,hheersema1b@kickstarter.com,247-587-0607,Freire
49,Ilha Solteira,cramelot1c@mlb.com,361-299-0766,Coruripe
50,Wilkowice,cgouldeby1d@wordpress.com,461-247-5753,Mabusag
51,Natu,mcusted1e@furl.net,440-128-0674,Saint-Denis
52,Meicheng,rbrabender1f@cornell.edu,483-146-7052,Kantharalak
53,Inđija,cmorefield1g@sphinn.com,468-323-6900,Quva
54,Millerovo,csaffon1h@clickbank.net,772-520-2228,Bulls
55,Balykchy,twicklen1i@reference.com,416-136-3069,Benito Juarez
56,Shuinanxu,smcadam1j@blogspot.com,229-102-3564,Sanchang
57,Las Toscas,bkillelea1k@answers.com,812-377-0261,Boguchar
58,Wichita,sclavey1l@geocities.com,316-735-6530,Huchang
59,Oslo,iharbisher1m@macromedia.com,650-835-8159,Dayuanhuizu
60,San Simon,bblew1n@behance.net,677-349-9176,Dukoh
61,Göteborg,gboaler1o@com.com,775-165-4403,Beishan
62,Dunleer,saitchison1p@a8.net,848-967-4090,Tupanciretã
63,Avranches,tslowey1q@posterous.com,139-970-6535,Monteros
64,Shabqadar,rhethron1r@harvard.edu,133-615-1798,Wucun
65,Karolino-Buhaz,lhaddleton1s@howstuffworks.com,293-130-5883,Pilluana
66,Dourbali,jbeatson1t@artisteer.com,215-785-5318,Valday
67,Rusocice,mandrey1u@stumbleupon.com,551-430-1731,Faranah
68,Jiaokou,akirwood1v@va.gov,732-253-3472,Sydney
69,København,smotto1w@shutterfly.com,523-170-9950,Gaiyang
70,Las Flores,larber1x@webnode.com,535-840-1621,Sidomulyo Kulon
71,São Luís,mrichardes1y@livejournal.com,723-807-9857,Kinatakutan
72,Limbe,noliveto1z@nature.com,503-652-5438,Järfälla
73,Xiaolukou,zgurton20@parallels.com,234-320-5228,Toulouse
74,Nampula,cwaleworke21@spiegel.de,710-913-4485,Otan Aiyegbaju
75,Bidbid,eshall22@nsw.gov.au,321-980-4495,Alexandria
76,Bacungan,fpeacey23@bigcartel.com,468-834-2691,Edson
77,Ageoshimo,ekimbly24@narod.ru,583-189-2174,Rongxing
78,Anning,tmercik25@bluehost.com,746-252-1459,Swindon
79,Independencia,tszymczyk26@bbb.org,635-885-4020,Sosnovyy Bor
80,Kalilangan,lride27@nasa.gov,515-164-7186,Fuyong
81,Kleszczów,mesgate28@mediafire.com,563-825-8702,Jocotenango
82,Manokwari,acleaveland29@microsoft.com,659-536-4807,Pindiga
83,Pingyang,rnunn2a@nytimes.com,261-687-6898,Biała Piska
84,Beigucheng,plaverenz2b@joomla.org,264-424-9433,Hankasalmi
85,Ishikawa,cjacmard2c@posterous.com,753-452-5880,Tian’an
86,Mādabā,ndumper2d@shareasale.com,218-730-5899,Shaoha
87,Taishang,gmanvelle2e@imgur.com,670-834-0848,Muan
88,Hengdian,lheffron2f@bluehost.com,563-563-5041,Pescara
89,Haiyanmiao,lcardenosa2g@nps.gov,765-379-8215,Palaió Fáliro
90,Oshnavīyeh,cjohantges2h@posterous.com,929-775-9375,Baie-D'Urfé
91,Sosnówka,cparrett2i@taobao.com,662-852-4431,Jingxi
92,Wuxing,jmcgavigan2j@accuweather.com,516-958-8333,Shizikeng
93,Aco,mpaniman2k@gravatar.com,868-222-0152,Xiaoweizhai
94,Thị Trấn Mỹ Lộc,egeertsen2l@samsung.com,802-944-0876,Yangtan
95,Osorno,bpatrie2m@reference.com,553-138-4134,Rerawere
96,Soraya,rdonet2n@hexun.com,882-881-3103,Semikarakorsk
97,Porto Real,gglisenan2o@goodreads.com,335-413-3405,Deba Habe
98,Maria,ecoste2p@google.com.hk,283-644-0093,Gunungkoneng
99,Bizhbulyak,rtunstall2q@csmonitor.com,704-283-8939,Huimin
100,Sarykemer,nhiggen2r@tripadvisor.com,996-690-1243,Vista Hermosa
101,Gaimán,dohartagan2s@apple.com,242-257-4265,Balut
102,Patrocínio,amacsorley2t@feedburner.com,985-367-8510,Shibi
103,Rouen,mevins2u@dailymail.co.uk,758-872-6430,Liulihe
104,Belfast,bbuckwell2v@fotki.com,363-468-5224,Jūrīsh
105,Klang,rwheatman2w@infoseek.co.jp,995-504-7609,Farah
106,Íasmos,oroache2x@ucoz.com,994-999-3258,Razan
107,Zbarazh,dravilus2y@who.int,911-497-8676,Ezhou
108,Ḩabīl al Jabr,wmcramsey2z@sina.com.cn,561-696-2506,Stockholm
109,Briceni,jclaxton30@google.com,188-520-9255,Dualing
110,Binjiang,sallbon31@sohu.com,779-953-8863,Sekarjalak
111,Cikoneng,cferraraccio32@wp.com,901-880-0744,Berlín
112,Puerto Varas,dbirmingham33@oracle.com,557-446-9588,Wantian
113,Djibo,eresun34@squarespace.com,983-570-9448,Mont-de-Marsan
114,Kyustendil,mmobbs35@wikimedia.org,509-323-0981,Unaizah
115,Sepolong Timur,tdanaher36@theatlantic.com,505-495-3461,Tabug
116,Bacabal,klorrimer37@techcrunch.com,839-787-7301,Kurmanayevka
117,Parizh,csoloway38@squarespace.com,762-417-8636,Cái Dầu
118,Ussel,tlebarree39@unc.edu,800-614-7428,Frederiksberg
119,Paris 14,dlarderot3a@xing.com,273-369-3676,Kotli Lohārān
120,Tuscaloosa,sdebold3b@whitehouse.gov,205-295-5318,Sala
121,Bambuí,iwolfindale3c@howstuffworks.com,286-765-7423,Jianggang
122,Ureshino,sscothorn3d@patch.com,148-320-3165,Sokal’
123,Fucun,gbeachamp3e@mashable.com,595-823-5163,Pag-asa
124,Niutang,rfrancis3f@theguardian.com,926-145-8177,Pokój
125,Torslanda,uhalton3g@auda.org.au,261-623-4025,Independencia
126,Österbybruk,rbythway3h@amazonaws.com,707-688-0122,Campanário
127,Strängnäs,mklosa3i@webnode.com,171-416-5962,San Francisco
128,Oslo,ddebrett3j@hao123.com,900-156-6129,Floirac
129,Wufeng,vbrinkley3k@dot.gov,554-565-6296,Qal‘at al Andalus
130,Nove-Misto,sstilliard3l@yellowpages.com,352-548-9441,El Valle del Espíritu Santo
131,Las Vegas,lheinl3m@amazon.com,702-989-4529,Azinhal
132,Briceni,vcoaster3n@angelfire.com,867-276-0057,Albergaria
133,Ankazobe,eparkins3o@netlog.com,336-910-3951,Kafr Baţnā
134,Ōnojō,cbleby3p@psu.edu,665-806-8026,Stąporków
135,Liuhu,lcastelyn3q@multiply.com,299-314-3992,Pinsk
136,San Lucas Sacatepéquez,jfirpo3r@nature.com,132-746-7340,Minnedosa
137,Lalībela,lgobourn3s@sakura.ne.jp,620-266-0126,Mizhhir’ya
138,Monching,afranses3t@usnews.com,274-236-1482,Gandara
139,Popayán,drhodef3u@sun.com,397-623-1818,Gisiliba
140,Iracemápolis,jblackledge3v@google.com.hk,593-370-9046,Ilioúpoli
141,Vol’sk,ksherme3w@jalbum.net,766-411-8181,Dalong
142,Ústí nad Orlicí,moglesbee3x@cafepress.com,878-329-8314,Lamut
143,Cheqiao,hmoston3y@google.es,897-325-2548,Pā’īn-e Bāzār-e Rūdbār
144,Kotlas,rpau3z@soundcloud.com,906-271-6754,Drenova
145,San Javier,blelliott40@wunderground.com,702-796-3332,North Side
146,Barisan,cpowers41@instagram.com,396-805-1804,Ilovka
147,Warin Chamrap,dhinkensen42@mysql.com,563-892-9506,Al Ghāriyah
148,Pasirbatang,psheivels43@gmpg.org,412-220-9183,Sangpi
149,Carandaí,kmcgready44@scientificamerican.com,537-259-4492,Kayukembang
150,Perivólia,gbucky45@amazon.com,822-336-1500,Bergen
151,Mojosari,ksimeoli46@nsw.gov.au,711-919-5886,Lhabupu
152,Dzerzhinsk,lcamlin47@ovh.net,689-105-2419,Zhyrovichy
153,Shitang,mratnage48@purevolume.com,181-897-4597,Kanekomachi
154,Gembu,ijosephson49@artisteer.com,148-139-4065,Prosperidad
155,Wādī al ‘Uyūn,ibunford4a@t.co,457-668-7852,Raydah
156,Moate,jfairlaw4b@desdev.cn,580-497-6566,Afanas’yeva
157,Kukuluk,lhandes4c@networkadvertising.org,821-336-4242,Vilhelmina
158,Lodwar,bstrong4d@cafepress.com,108-581-2912,Golub-Dobrzyń
159,Huoshaodian,jzannelli4e@feedburner.com,618-773-0346,Wufu
160,Rezé,svobes4f@ow.ly,305-404-2136,Al Farwānīyah
161,Sang-e Chārak,fduffit4g@ameblo.jp,207-588-7026,Suvorov
162,Kemiri,rpalfreman4h@1688.com,615-579-3353,Vantaa
163,Shihuajian,sscobie4i@imdb.com,859-998-1130,Krzeczów
164,Shreveport,loshee4j@sun.com,318-353-1355,Sinarjaya
165,Sharga,isprackling4k@flickr.com,333-136-7054,Verkhnyaya Khava
166,Guocun,blondsdale4l@sohu.com,819-770-2714,Baopukang
167,Šimanovci,aivkovic4m@vimeo.com,898-314-1703,Anadia
168,Batujaran,kdoutch4n@pen.io,743-931-9012,Wuci
169,Durazno,njennings4o@imdb.com,674-966-4195,Negreiros
170,Dongli,jmapstone4p@weebly.com,631-250-8887,Kinel’-Cherkassy
171,Szelków,avaughan4q@technorati.com,871-631-4336,Ladozhskaya
172,Nantes,mclaiden4r@github.io,702-256-4799,Chambara
173,Santa Lucía Cotzumalguapa,tstrood4s@marketwatch.com,349-800-3080,Stobreč
174,Paracatu,dkluss4t@unblog.fr,232-126-4043,Xiaoguwei
175,Rejowinangun,aattle4u@usda.gov,922-397-3953,Chantilly
176,Niebylec,lfincke4v@exblog.jp,176-555-5646,Santiago do Cacém
177,Türkmenabat,sbouchier4w@infoseek.co.jp,347-728-9276,Taizhou
178,Adolfo Ruiz Cortines,dvoak4x@stumbleupon.com,927-146-9050,Logung
179,Priargunsk,vfleetham4y@furl.net,657-266-3130,Armavir
180,Bonebone,rthaxter4z@quantcast.com,261-889-8969,Daba
181,Pelem,mvedekhov50@hostgator.com,258-385-5828,Seixo de Manhoses
182,Bayrachky,owasiela51@go.com,165-323-2216,Yuanqiao
183,Sake,dbassill52@oracle.com,804-169-5932,Évreux
184,Nancheng,galvar53@skyrock.com,223-764-4467,Karangtawar
185,Tīkāpur,dgainsford54@dell.com,456-862-8494,Proboštov
186,Bento Gonçalves,gaskew55@dailymail.co.uk,910-696-9679,Ar Rahad
187,Kýria,bansty56@altervista.org,954-539-6869,Calamba
188,Santiago Puringla,vnyssen57@blinklist.com,947-210-2806,Yuannan
189,Patemon,gkerrod58@time.com,509-969-7415,Chernogorsk
190,Tessaoua,estoad59@desdev.cn,544-331-5316,Sortavala
191,Alfenas,aganter5a@imdb.com,564-535-4357,Brzeg Dolny
192,Senador Pompeu,gofairy5b@state.tx.us,286-677-4063,Dundbürd
193,Álli Meriá,ajobey5c@ucsd.edu,289-615-2237,Šoštanj
194,Stockholm,tbaumadier5d@microsoft.com,773-848-8709,Santa Venera
195,Wanjiazhuang,jdarwin5e@usa.gov,283-629-4200,Egvekinot
196,Sananduva,kegglestone5f@google.com,676-604-8245,Knoxville
197,Hejiang,dvasilchenko5g@narod.ru,619-773-4926,Volary
198,Hongyanxi,dscarr5h@xing.com,298-950-2919,Bator
199,Sungaikupang,srickerd5i@engadget.com,116-352-1949,Cedar Rapids
200,Mindyak,fonion5j@dedecms.com,711-664-3891,Limboto
201,Hot,crobbings5k@google.com,138-388-4759,Bambakashat
202,Ritaebang,eenterle5l@wordpress.com,661-122-7940,Ad Dilam
203,‘Anat al Qadīmah,ytootin5m@epa.gov,420-353-6641,Louisville
204,Myasnikyan,zkierans5n@about.com,541-594-0167,Dodol
205,Guaitarilla,dciccerale5o@theguardian.com,796-705-9712,Songdong
206,Antony,deickhoff5p@fc2.com,298-904-0680,San Francisco
207,Baisha,cstubbington5q@ezinearticles.com,275-429-6600,Wringinsari
208,Shuangta,kkenlin5r@acquirethisname.com,694-587-4062,Ratoath
209,Molodizhne,vmccunn5s@constantcontact.com,722-347-6943,San Antonio
210,Villa Paula de Sarmiento,bnardoni5t@foxnews.com,675-933-2220,Bulls
211,Yangtan,hhabble5u@loc.gov,425-558-2552,El Monte
212,La Mula,cmaster5v@istockphoto.com,812-863-1405,Yangzi
213,Ibabang Tayuman,bcrevagh5w@hud.gov,390-678-8704,Talabaan
214,Brodek u Přerova,escholig5x@weather.com,968-505-2246,Iława
215,Bendo,osmouten5y@i2i.jp,253-517-6087,Mílos
216,Sumber Tengah,rhutchin5z@soundcloud.com,253-931-4210,Nggambel
217,Kamionka,plowe60@ovh.net,894-736-0267,Taloqan
218,Chaupimarca,rshreenan61@wired.com,592-605-0923,Ahar
219,Nunchía,htuther62@arstechnica.com,215-672-1598,Itanhandu
220,Notranje Gorice,arushbury63@latimes.com,634-109-1094,Zhongshan Donglu
221,Zhanjiang,rbirkinshaw64@java.com,920-750-5703,Haenam
222,Soubré,egrimwad65@feedburner.com,812-516-7787,Veisiejai
223,Roanne,poppie66@techcrunch.com,214-627-1088,Bayonne
224,La Mohammedia,ddrinkall67@gmpg.org,312-140-0967,Kowala
225,Libochovice,kbutchart68@theguardian.com,330-939-0437,Hutang
226,Talangnan,ctruelove69@smh.com.au,235-371-0320,Xintang
227,Rodniki,lhaydn6a@gov.uk,738-693-4811,Liangshuijing
228,Mānānwāla,aciobutaro6b@washington.edu,231-647-5176,Paris 07
229,Araouane,jschanke6c@paypal.com,169-746-9127,Chishan
230,Balung,hfleischmann6d@comcast.net,746-508-6858,Dillenburg
231,Katur,clouw6e@telegraph.co.uk,440-818-7013,Qutqashen
232,Chuarrancho,jdonalson6f@dedecms.com,800-438-8913,Nkpor
233,Nanzhihui,lbednall6g@mayoclinic.com,251-692-2829,Potiskum
234,Bukowiec,cmcgeffen6h@wordpress.org,880-813-5299,Mīrābād
235,Karangtengah,cmoylane6i@a8.net,350-867-8509,El Jem
236,Záhorovice,wgarvin6j@census.gov,629-793-6729,Kotaagung
237,Montceau-les-Mines,ceddoes6k@nbcnews.com,192-618-5775,Yunlong
238,Węgry,awaterdrinker6l@dropbox.com,128-304-7162,Jastrzębia Góra
239,Teresa,mmarin6m@house.gov,375-567-0852,Krzykosy
240,Zhuyang,gjay6n@telegraph.co.uk,905-464-4833,Capitán Bado
241,Choisy-le-Roi,tackenson6o@squarespace.com,679-487-6076,Chuquitira
242,Shanxiahu,lgrebert6p@si.edu,184-617-4525,Bodø
243,Oyo,mkline6q@sitemeter.com,650-688-2778,Det Udom
244,Águas Formosas,etheobald6r@google.it,191-530-3001,Göteborg
245,Vale Mourão,hcoucha6s@hostgator.com,865-699-8113,Kýria
246,Cibunar,emclewd6t@reuters.com,265-650-1633,Woro
247,Mazamet,pstell6u@deliciousdays.com,808-825-4060,Salor
248,Kuantian,bglasard6v@mit.edu,442-604-3487,Shepetivka
249,Shangjie,pferrieri6w@yellowpages.com,258-720-6148,Songbai
250,Pār Naogaon,cball6x@deliciousdays.com,561-212-9860,Quintão
251,Itigi,tbreach6y@etsy.com,747-855-7417,Kuala Lumpur
252,Suwon-si,lstones6z@hao123.com,999-140-3153,Baishan
253,Tanahwurung,dstaubyn70@rakuten.co.jp,461-126-1354,Girihieum
254,Sudislavl’,mbrekonridge71@bizjournals.com,526-317-8881,Alcains
255,Bāzārak,yrook72@oaic.gov.au,791-873-2259,Nuing
256,Tumpakkepuh,gfeveryear73@hugedomains.com,338-147-5924,Vinha
257,Velikiy Novgorod,kmastrantone74@example.com,472-970-7887,Santa Quitéria do Maranhão
258,Várzea,balmack75@1und1.de,619-437-2220,Yekimovichi
259,Všeruby,bgabriely76@msn.com,966-643-4493,Fushi
260,Reriz,hpiercey77@cyberchimps.com,593-744-5755,Waiholo
261,Neochóri,ariedel78@aboutads.info,854-337-0074,Ocote Paulino
262,Wangcun,mkunkler79@businessweek.com,290-124-7493,Mjamaoué
263,Langley,lcallear7a@narod.ru,177-755-4263,Novoul’yanovsk
264,Shorapani,tvasenkov7b@free.fr,232-467-2760,Nagorsk
265,Zhengyu,pvanhove7c@cnet.com,863-510-5304,Manis Mekarwangi
266,Paraíso,rpaddock7d@mac.com,330-386-6548,Bungur
267,Bočar,amabey7e@cnn.com,832-467-4759,Miechów Charsznica
268,Mosul,jlethbury7f@latimes.com,328-809-4403,Sucre
269,Areeiro,srottger7g@histats.com,927-373-9785,‘Ajlūn
270,Tayāsīr,nsaltern7h@ehow.com,974-943-7002,Dzaoudzi
271,Luanda,twardrope7i@blog.com,577-863-9778,Semerak
272,Huangge,tpavek7j@xinhuanet.com,420-606-3810,Sambopinggir
273,Carigara,crumgay7k@github.io,438-745-4891,Kotlovka
274,Długosiodło,ewinchcombe7l@accuweather.com,485-693-7183,Vitina
275,Machalí,skeitch7m@blog.com,431-782-0792,Quibal
276,Cauday,tandreucci7n@comcast.net,741-490-1278,Sundsvall
277,Pocpo,bnorewood7o@globo.com,582-949-6240,Simi Valley
278,Lingxi,rdrummond7p@latimes.com,384-450-0211,Besao
279,Yu’erhong,lpeto7q@discuz.net,457-850-6240,Shaliangzi
280,Paphos,keskriett7r@rambler.ru,988-640-9096,Klos
281,Darungan,kbrodway7s@cnbc.com,318-590-9012,Bonavista
282,Cisiih,kmoore7t@tiny.cc,846-867-0044,Banjar Bias
283,Lorena,mduffus7u@xinhuanet.com,592-705-9521,Shuiyuesi
284,Jingmen,dpitcaithly7v@mac.com,294-778-0080,Mandal
285,Jishui,obarrington7w@ow.ly,554-149-6044,Insua
286,Biharamulo,dgoing7x@rambler.ru,367-134-3061,Áno Merá
287,Luzhuangzi,psapp7y@businessweek.com,720-600-6836,Seixo de Manhoses
288,Zwolle,hstaton7z@jiathis.com,938-599-1702,Nesebar
289,Umeå,cvossgen80@weebly.com,694-817-0737,Banjaranyar
290,Milwaukee,vlotterington81@imgur.com,360-206-2306,Ryazan’
291,Acton Vale,fwerndly82@weather.com,571-668-0869,Ramotswa
292,Newport News,mcuttelar83@prlog.org,757-127-4008,Ramadi
293,Francos,sheys84@ed.gov,624-132-6001,Sanjie
294,Yongheshi,tamsberger85@usatoday.com,544-917-0771,Bodø
295,Mamanguape,fsamson86@princeton.edu,564-330-2058,Rungis
296,Beilun,mkirby87@t.co,307-374-1516,Potoni
297,Gaza,okittiman88@unc.edu,678-731-0713,Rengasdengklok
298,Humpolec,ecasella89@nba.com,916-334-2997,Naru
299,Buđanovci,rburdfield8a@163.com,651-249-0732,Spassk
300,Blon’,eragot8b@ovh.net,113-138-2266,La Paz
301,Zeqin,gneary8c@tinyurl.com,938-938-4195,Zhajin
302,Kangar,ihelstrom8d@nsw.gov.au,575-569-7875,Kirawsk
303,Huangshan,pburnell8e@addtoany.com,462-383-8175,Carmen
304,Pashkovskiy,rstairs8f@skype.com,595-649-8746,Sabaneta
305,Kedrovyy,bbarkley8g@walmart.com,524-340-0411,Grammatikó
306,Xuhang,cswine8h@dedecms.com,687-789-6794,Pasirhuni
307,San Mariano,jcasella8i@rediff.com,139-849-0231,Graz
308,Motupe,lmeddings8j@joomla.org,937-187-8049,Kutno
309,Palencia,jcucuzza8k@digg.com,840-206-3534,Floridablanca
310,Badagry,pwahncke8l@bing.com,705-743-5103,Huangzhuang
311,Oliveiras,rmeake8m@ca.gov,170-580-8133,El Coco
312,Padre Burgos,wletrange8n@mapquest.com,577-208-7046,Wangba
313,Hannover,rnutten8o@vistaprint.com,931-147-4739,Miguel Hidalgo
314,Heyan,mferrone8p@ebay.co.uk,126-332-0591,Al Funayţīs
315,Synya,cmulvy8q@shareasale.com,420-464-0609,Klimontów
316,Bogotá,osaladine8r@google.pl,695-336-3078,Shuangbaiyang
317,Gharyan,lmckoy8s@usnews.com,841-777-2706,Las Vegas
318,Tabant,cmurrock8t@vkontakte.ru,203-384-1973,Krasnoshchekovo
319,Fuwen,fcuzen8u@guardian.co.uk,695-980-5012,Caoping
320,Ciorescu,nduffell8v@mayoclinic.com,134-292-0222,Saint Paul
321,Gif-sur-Yvette,scocks8w@unicef.org,644-620-1044,Karangdalam
322,Taihe,rbourcq8x@nih.gov,573-308-2101,Suç
323,Hostěradice,cstapleford8y@fema.gov,111-375-8410,Priob’ye
324,Lam Sonthi,vwoolrich8z@altervista.org,825-902-3295,Zhongtai
325,Xikou,jbadham90@friendfeed.com,528-153-5471,Miami
326,Palopat,mjakovijevic91@uol.com.br,543-472-3442,Kongjiafang
327,Artesianón,rkonzelmann92@infoseek.co.jp,456-559-6576,Dongzha
328,Złocieniec,afealey93@exblog.jp,907-806-8267,Zográfos
329,Perstorp,mdowbakin94@reuters.com,209-232-3541,Jiasi
330,Żebbuġ,tdearnly95@tamu.edu,539-351-9775,La Palma
331,Xia Zanggor,mturner96@gov.uk,386-379-4767,Brejieira
332,Łękawica,vgarlinge97@dailymotion.com,117-131-9773,Chagang
333,Mourelos,gmcnern98@mediafire.com,498-517-8466,Xidoupu
334,Bi’r al Ḩufayy,eemberson99@51.la,999-190-6197,Al Wāsiţah
335,Mriyunan,hgabbotts9a@bluehost.com,631-599-4811,Courelas Bravas
336,Cibiru,tlewsley9b@hostgator.com,915-847-9784,Tours
337,Tagana-an,cmarvelley9c@goo.gl,377-759-3530,Benešov nad Ploučnicí
338,Maqbanah,tdowles9d@theatlantic.com,587-205-1888,Bulung’ur
339,Kveda Chkhorots’q’u,bdraco9e@springer.com,454-824-0459,Aleksotas
340,Isdalstø,rspears9f@infoseek.co.jp,608-292-0011,Hujigou
341,Stockholm,mlomen9g@soundcloud.com,601-774-9720,Gazojak
342,Yushan,rpengilly9h@sitemeter.com,485-545-3860,El Limon
343,Kizel,ryanez9i@typepad.com,826-623-7032,Ban Lam Luk Ka
344,Daliciasao,eends9j@irs.gov,966-968-9488,Telgawah
345,Béja,phellis9k@g.co,653-178-2541,Benito Juarez
346,Oporapa,cshucksmith9l@howstuffworks.com,760-227-8054,Eišiškės
347,Crépy-en-Valois,isimoncini9m@example.com,961-549-4009,Saldanha
348,Nurlat,ebeament9n@shutterfly.com,311-326-0531,Linhares
349,Pulaupanggung,usharer9o@networkadvertising.org,667-794-8879,Calebasses
350,Lousado,wobrian9p@apple.com,119-829-2757,Xiuyu
351,Bretaña,ljurkiewicz9q@sina.com.cn,871-557-0919,Menara
352,Ngulahan,rwheadon9r@google.pl,471-867-9589,Alcanhões
353,San Pablo,lgreggs9s@mapquest.com,724-393-2172,Xinming
354,Coolock,spietzke9t@bluehost.com,505-946-1414,Al Qanāţir al Khayrīyah
355,Youxi,wdavidovitz9u@oaic.gov.au,305-701-0211,Pampas
356,Sitovo,mkelsow9v@domainmarket.com,290-691-7458,Novobeysugskaya
357,Medenychi,mcuer9w@chicagotribune.com,779-864-3773,Cigembong
358,Sanhe,ahiscoke9x@skyrock.com,620-985-5408,Praia da Tocha
359,Muheza,cblacklawe9y@wix.com,288-120-5823,Kingscourt
360,Samut Sakhon,swhitmell9z@hostgator.com,216-710-9723,Draginje
361,Potrero Grande,jhardeya0@ifeng.com,995-684-1722,Moss
362,Duma,rbrislana1@eventbrite.com,703-235-8044,El Bauga
363,Amberd,bnewsona2@abc.net.au,402-617-4836,Huancheng
364,Piedras,bneenana3@google.de,576-567-0383,Viga
365,San Juan,msansa4@trellian.com,350-372-8641,Uritsk
366,Capira,xleapa5@amazon.co.uk,940-723-0654,Xiaojian
367,San Antonio,dtapscotta6@cisco.com,528-950-1746,Banshu
368,Municipio de Copacabana,nbleadena7@google.com,984-665-7220,Strasbourg
369,Bao’an,ggarfortha8@vkontakte.ru,945-928-9400,Visby
370,Padre Bernardo,mpeotza9@marketwatch.com,924-339-2308,Tantu
371,Camachile,brossboroughaa@technorati.com,275-686-7658,Garzón
372,Phu Kam Yao,jhughmanab@phoca.cz,378-626-6647,Wanrongjiang
373,Vila de Sal Rei,bcoulstonac@vinaora.com,506-608-6358,Novopodrezkovo
374,Siemianowice Śląskie,bfordhamad@reuters.com,714-634-3272,Egvekinot
375,Jianping,rgulleyae@wordpress.org,878-473-6236,Tanjung Timur
376,Kurnāz,mgorgleraf@statcounter.com,450-526-7777,Sambirejo
377,Huainan,dgreirag@tumblr.com,283-182-1402,Boden
378,Tögrög,jlowersonah@hibu.com,330-203-3487,Catbalogan
379,Lewolang,mcarnieai@lycos.com,594-538-8641,Skawica
380,Villa Ojo de Agua,msichaj@hud.gov,101-820-2829,Shchuchin
381,Orlovskiy,shallumsak@uol.com.br,211-314-1628,Al Ghayl
382,Lajaluhur,nblowneal@hp.com,453-489-9758,Jakubów
383,Garissa,nchilleyam@yelp.com,412-447-2487,Samashki
384,Hwado,gscarboroughan@gizmodo.com,272-370-0683,Polonnaruwa
385,Abelheira,hhathawayao@va.gov,244-466-1290,Vila de Sal Rei
386,Blachownia,jcollocottap@nhs.uk,376-269-4666,Gostivar
387,Yeghvard,mhindenburgaq@meetup.com,737-723-4402,Kāleke Mandi
388,Nueva Esperanza,pheffordear@uol.com.br,444-594-0931,La Victoria
389,Dobrá,bdumphyas@craigslist.org,453-177-9285,Polyarnyye Zori
390,Anka,jjeavonat@aol.com,985-934-9156,Winneba
391,Farah,jgooddieau@chron.com,666-893-2725,Shangxing
392,Tashkent,tseckomav@elpais.com,130-972-9141,Kongoussi
393,Ban Thai Tan,ihelliaraw@homestead.com,393-434-0875,Jhingergācha
394,Korçë,aohartiganax@delicious.com,695-711-6034,Rakszawa
395,Warnes,groxbyay@ezinearticles.com,830-565-9636,San Pedro de Ycuamandiyú
396,Lila,aplumbridgeaz@mayoclinic.com,692-135-7580,Kłoczew
397,Prosyana,seyckelb0@youtube.com,382-686-5252,Melres
398,Évreux,evarneyb1@shinystat.com,449-745-6539,Aroa
399,Meudon,lhaglandb2@webs.com,130-300-3634,Puerto Deseado
400,Agía Foteiní,csleepb3@cocolog-nifty.com,454-568-9933,Balingueo
401,Izborsk,bmclanaghanb4@dropbox.com,816-766-5105,Tabuk
402,Rönninge,tdraytonb5@shinystat.com,588-824-1785,San José Acatempa
403,Mmaaf,csandysb6@illinois.edu,505-944-6389,Taiping
404,Horodnytsya,ttzukerb7@stumbleupon.com,600-723-9435,Feodosiya
405,Azogues,tcazeb8@ameblo.jp,687-885-6082,Nuga
406,Smolyaninovo,oheffronb9@nymag.com,828-242-6861,Anserma
407,Paraíso de Chabasquén,dplewrightba@i2i.jp,290-313-7449,Baixiang
408,Moca,agalwaybb@noaa.gov,301-517-3659,Kaolack
409,Santa Catalina Norte,wcasaribc@businessweek.com,320-979-2126,Kemisē
410,Xinbei,ksugarsbd@ed.gov,875-131-6896,Tebanah
411,Alençon,kmckillopbe@chronoengine.com,573-126-2789,Bodzentyn
412,Bobo-Dioulasso,pcattersonbf@marriott.com,233-297-6059,Tando Muhammad Khān
413,Trois-Rivières,tloveridgebg@utexas.edu,425-112-5394,Visoko
414,Aulnay-sous-Bois,lfortonbh@chicagotribune.com,893-356-8231,Yanghou
415,Juhaynah,cbetchleybi@hostgator.com,532-978-6089,Banaba
416,Garibaldi,proddersbj@bandcamp.com,473-889-9487,Volokolamsk
417,Gangmei,ctaggbk@europa.eu,702-385-2515,Igede-Ekiti
418,Kęsowo,astephensonbl@qq.com,860-288-0052,Celendín
419,Novosibirsk,kbovisbm@dailymotion.com,824-103-2115,Vysoké nad Jizerou
420,Tomelilla,rmcquorkellbn@geocities.com,138-388-0723,Majalengka
421,Abaca,wminesbo@purevolume.com,922-653-0408,Gunungjulang
422,Al Fūlah,rpennycockbp@timesonline.co.uk,827-694-6965,Pragen Selatan
423,Panitan,mdecleynebq@bloglines.com,924-974-8070,Huangdu
424,Širvintos,wdatebr@epa.gov,585-933-4384,Mîndreşti
425,Río Gallegos,spobs@reddit.com,813-453-5697,Ostashkov
426,Guajiasi,rstebbinsbt@whitehouse.gov,768-973-0534,Saint-Quentin-en-Yvelines
427,Cincinnati,evallentinbu@simplemachines.org,513-520-8784,Yumbo
428,Neklyudovo,dpinockbv@craigslist.org,791-496-2046,Serang
429,Chambara,rdavidowbw@gizmodo.com,473-769-5638,Lāchi
430,Morada Nova,chesselbx@blogspot.com,224-608-9001,Luzern
431,Qorao’zak,dhirtheby@yandex.ru,455-721-6616,Krebetkrajan
432,Estombar,ssimpolebz@slideshare.net,175-978-7506,Åmål
433,Nanding,amacclintonc0@comcast.net,233-615-3612,Pedreira
434,Brněnec,kgrindallc1@fda.gov,214-500-9611,Kushnytsya
435,Stoczek Łukowski,sadrienc2@google.pl,999-566-4887,Laxiong
436,Mauá,edumbarc3@tamu.edu,840-446-6248,Jinhai
437,Baguim do Monte,sjayumec4@dropbox.com,866-410-1825,Muyinga
438,Punta Alta,ffrancescuzzic5@macromedia.com,136-558-8610,Agana Heights Village
439,Huangyang,ogrealishc6@amazon.com,829-534-9646,Kaburon
440,Manizales,rbrissardc7@ted.com,389-160-3733,Ximafang
441,Água Levada,sdawleyc8@example.com,609-725-0517,Ternopil’
442,Taokeng,gstambridgec9@nifty.com,997-608-2744,Blagoevgrad
443,Baytīn,wgazeca@cdbaby.com,912-652-1910,Paris 17
444,Simajia,gleggcb@sitemeter.com,541-165-2403,Pérama
445,Saint-Pierre-des-Corps,mtoshcc@blinklist.com,214-221-6458,Xishan
446,Aguitu,akingsnorthcd@hugedomains.com,584-596-9077,Hita
447,Tomingad,jpicklece@51.la,796-267-6167,Ōmagari
448,Wanquan,bstannercf@bing.com,825-902-6796,Aţ Ţawīlah
449,Épinal,irittercg@multiply.com,359-380-0127,Groningen
450,San Marcos,kcalcraftch@creativecommons.org,750-215-4922,Ulricehamn
451,Topola,lpleasanceci@comcast.net,242-819-2630,Siukh
452,Komyshuvakha,cblincocj@cnn.com,153-158-8359,Banshu
453,Shchukino,dwhaphamck@europa.eu,585-460-4470,Dalam
454,Lyon,jwetheycl@cargocollective.com,935-330-5098,Quatro Barras
455,Sampungu,ldoudcm@disqus.com,808-397-8057,Isheyevka
456,Denver,rkasercn@plala.or.jp,303-168-3409,Changqing
457,Selajambe Satu,lvoddenco@hubpages.com,547-996-0919,Karangtengah
458,Panitan,jbraneycp@dailymail.co.uk,146-190-9750,Blagoveshchensk
459,Banjar Pangkungtibah Selatan,echartrescq@youtube.com,476-494-5682,San Jose
460,Paragominas,jkerfordcr@businessweek.com,480-441-6875,Jiuxian
461,Riangwale,fcratchleycs@storify.com,948-747-1029,Baltasar Brum
462,Wisła,ilockct@addtoany.com,432-623-3904,Nizhnyaya Omka
463,Gaoxiang,nyushkincu@virginia.edu,122-321-6423,Sacsamarca
464,Maukaro,mlexacv@comsenz.com,626-652-1677,Kożuchów
465,Zaniemyśl,kcaldescw@go.com,372-309-6148,Gaomi
466,Lesnoy,dmicheaucx@surveymonkey.com,979-965-3036,Tebanah
467,Jiangzao,bsetterthwaitcy@gravatar.com,905-279-6296,Taixi
468,Bogorejo,dthorpecz@cafepress.com,352-595-5407,Guaratuba
469,Rumelange,adybled0@jiathis.com,437-302-5930,Eirunepé
470,Dongguang,kbareheadd1@sbwire.com,240-333-5308,Dengjiang
471,Liuzhuang,blinged2@squarespace.com,844-352-3422,Dongmaku
472,Arias,sgartshored3@wix.com,240-121-4490,Svetlanovskiy
473,San Antonio,pshaughnessyd4@over-blog.com,632-913-8943,Huancheng
474,Palpalá,cburrisd5@newyorker.com,216-512-5359,Balucawi
475,Xarsingma,dmarchellod6@yahoo.com,190-898-5086,Pho Si Suwan
476,Bolesławiec,fcamacked7@prnewswire.com,243-193-2188,Tomari
477,Ventersburg,jrivallantd8@wufoo.com,393-439-4088,Hufeng
478,Anolaima,bmcettrickd9@joomla.org,842-562-6193,Val-de-Reuil
479,Ganting,lstrobanda@yellowbook.com,970-759-6106,Haoxin
480,Muñoz East,nnorquaydb@smugmug.com,503-140-9367,Babat
481,Shaxi,hdomerquedc@pbs.org,944-125-4326,Ping’an
482,Lamut,mcockshutdd@globo.com,900-528-5691,Kyaikkami
483,Funabashi,fpieronide@omniture.com,870-743-7172,Bangxi
484,Yartsevo,mwilledf@chronoengine.com,792-752-1541,Zuoxi
485,Kota Kinabalu,efonteldg@amazon.co.uk,882-100-1176,Dolores
486,Jietou,dgallatlydh@walmart.com,372-744-5869,Huaiya
487,Mâcon,lastlettdi@sciencedaily.com,664-732-8327,Irbit
488,Till,rcolesondj@google.nl,342-711-7171,Lysice
489,Nadvoitsy,fwestburydk@reverbnation.com,407-324-6050,Kallíthiron
490,Novovarshavka,kcastellonedl@europa.eu,523-781-7178,Évora
491,Dinaig,gbardaydm@vk.com,444-847-6156,Liangli
492,Yirshi,mrameydn@examiner.com,970-512-8644,Luan Balu
493,Tiadiaye,rheadingdo@newyorker.com,958-623-6311,Bajing
494,Khisarya,mmalzarddp@ezinearticles.com,968-906-3214,Dasuk
495,Siding,kamblerdq@miibeian.gov.cn,108-322-0251,Leigongjian
496,Baranoa,jporkerdr@barnesandnoble.com,995-190-4680,Hejiabao
497,Ilembula,cpaulsonds@infoseek.co.jp,185-158-0186,Hamburg Bramfeld
498,Miragoâne,ffluitdt@gnu.org,942-540-0811,Novikovo
499,Båstad,speaurtdu@xrea.com,321-218-6892,Lindavista
500,Téra,ehenderdv@slideshare.net,218-418-6736,Champaign
501,Duwayr Raslān,imaplethorpedw@ibm.com,673-649-6876,Jawornik
502,Teseney,epautotdx@irs.gov,387-300-7706,Czarna Woda
503,Buenavista,skobeldy@ning.com,440-929-0382,Cesvaine
504,Taquari,nmerondz@kickstarter.com,842-344-5992,Kharlu
505,Yamkino,asabatese0@harvard.edu,744-138-5584,Shiwan
506,Iłowo -Osada,lcaddelle1@thetimes.co.uk,874-228-4633,Bełchatów
507,Linan,lborriee2@dot.gov,250-421-5670,Tigbao
508,Xiayang,pgorghettoe3@baidu.com,585-407-8043,Baiyanghe
509,Vilarelho,fwildboree4@google.cn,726-441-9309,Halimaung Jaya (F-3)
510,Soufrière,lclementele5@diigo.com,658-106-2826,Ribeirão
511,Albert Town,woylette6@hibu.com,923-160-1805,Riosucio
512,Troitsk,oburnipe7@aboutads.info,695-544-7157,Rudolfov
513,Totok,ccareke8@dion.ne.jp,985-241-7373,Espargos
514,Veiros,plobleye9@yelp.com,141-684-3792,Bellavista
515,Iracemápolis,oraffinea@nih.gov,227-333-7016,São Carlos
516,Nuevitas,mtringhameb@clickbank.net,122-593-2188,Guanajuato
517,Hualingang,amorehallec@slideshare.net,874-209-1548,Campo de la Cruz
518,Luzhou,pfearnyhoughed@accuweather.com,466-915-9732,Znojmo
519,Metchosin,gbadsworthee@tumblr.com,783-748-1448,Jayapura
520,Zhixia,anettleef@goo.gl,846-944-9579,Dahay
521,Umeå,alindnereg@japanpost.jp,611-923-4863,Loandjili
522,Quemú Quemú,jbelfordeh@kickstarter.com,303-433-5118,Vojnić
523,Ngrejo,rkeaysellei@boston.com,358-435-9761,Los Lotes
524,Dunhao,haddekinej@europa.eu,443-831-4627,Al Majāridah
525,Majia,whawseek@cpanel.net,298-755-3395,Princeton
526,Dédougou,kbreslinel@ft.com,991-312-6427,Miragoâne
527,Penalva de Alva,ceagerem@163.com,932-945-2580,Kwangmyŏng
528,Zakupne,wsteffensen@people.com.cn,943-553-2159,Kolor
529,Omigawa,acarresseo@slashdot.org,983-825-3852,Tianjin
530,Oslo,sbohlingolsenep@mtv.com,338-597-4076,Ixopo
531,Brignoles,closanoeq@hhs.gov,291-994-2634,Polonne
532,Pangpang,kleathamer@redcross.org,637-139-9356,Wangunjaya
533,Kibondo,gmosses@linkedin.com,102-789-6384,Ćuprija
534,Valdice,nlowethet@scientificamerican.com,314-472-1880,Ramon Magsaysay
535,Savannah,meudalleu@g.co,912-855-3734,Saint-Denis
536,Lazaro Cardenas,twoodfieldev@admin.ch,449-139-8190,Zyuzino
537,Shangwuzhuang,hdyeew@si.edu,375-241-3424,Hats’avan
538,San Nicolas,ldanserex@nifty.com,507-930-4259,Beishan
539,Puerto Parra,ngothliffey@cocolog-nifty.com,232-890-9853,Rizal
540,Solnice,bdevennieez@vistaprint.com,654-888-8697,Espinal
541,Mirandela,dcaulkettf0@e-recht24.de,675-713-9566,Martin
542,Corgo,igookeyf1@purevolume.com,729-342-5320,Tajan
543,Taraan,mtorrisif2@prweb.com,279-767-0598,Pokrovskoye-Streshnëvo
544,Lühua,ccrellinf3@theatlantic.com,666-445-9399,Juegang
545,Elaiochóri,dcatherallf4@cam.ac.uk,949-775-0951,Bago
546,Dolní Sloupnice,cormanf5@w3.org,705-766-8410,Strasbourg
547,Kalýves Polygýrou,gjenkersonf6@huffingtonpost.com,323-768-6728,Tange Zhen
548,Eaton,rianinottif7@pinterest.com,573-444-8076,Khallat Şāliḩ
549,Donghe,sguillermanf8@wikipedia.org,514-487-2648,Nuevo Berlín
550,Ajaccio,rroscampf9@phpbb.com,165-484-4063,Menol
551,Klapagading,meakinfa@desdev.cn,163-501-3482,Rizómata
552,Putrajaya,jgrzegorzewskifb@intel.com,160-497-4782,Bohorodchany
553,Asbestos,deburnefc@techcrunch.com,745-838-1979,Orsay
554,Gunungsubang,alundbeckfd@unesco.org,488-705-1408,Shanggu
555,Seria,btigwellfe@liveinternet.ru,179-697-4028,Qinlan
556,Malešići,gfrichleyff@geocities.jp,330-168-1232,Aveleda
557,Zruč nad Sázavou,gswancottfg@spiegel.de,362-294-4336,Boa Vista
558,Lyon,mdallowfh@bizjournals.com,490-568-9934,Potęgowo
559,El Ksour,mbusstfi@51.la,176-865-7545,Kowŏn-ŭp
560,Guankou,erenzullofj@issuu.com,895-516-2170,Irecê
561,Taurage,cdefreynefk@dailymotion.com,202-975-9713,Stord
562,Protección,zmurdenfl@stumbleupon.com,461-980-4222,Naberezhnyye Chelny
563,Santander,rhutcheonsfm@apache.org,162-302-1018,Youzha
564,Bombardopolis,pdockrillfn@delicious.com,370-983-4325,Young
565,Tanudan,dlambertzfo@hhs.gov,142-103-0467,Yaojiaji
566,Sucre,troakesfp@japanpost.jp,862-699-2940,Kyaikkami
567,Capayán,slammasfq@trellian.com,307-249-1533,Al Ain
568,Samoljica,dkynastonfr@skyrock.com,308-323-0894,Mocun
569,Lipu,jdemainefs@bloomberg.com,773-723-3327,Mendeleyevo
570,Chagang,tkennedyft@sciencedirect.com,678-460-9310,La Serena
571,São Martinho do Campo,maylesburyfu@youku.com,342-205-4196,Bandundu
572,Kabo,ybrettonerfv@deviantart.com,809-752-7988,Neftegorsk
573,Hammam Sousse,bpottagefw@vkontakte.ru,987-808-9714,Kalisabuk
574,Barreiro,akimblenfx@pinterest.com,515-772-6247,Woken
575,Kadujajar,nfoleyfy@cmu.edu,309-790-6117,Hongcheng
576,Postojna,ebachshellfz@mashable.com,989-555-7743,Valdemarsvik
577,Sundbyberg,aberesfordg0@webs.com,258-623-0286,Krasnoarmeysk
578,Anserma,bhousleyg1@privacy.gov.au,364-953-3864,Cruz de Pau
579,Kadugadung,dvaladezg2@ucoz.ru,280-811-3369,Karatsu
580,Pimenta Bueno,kosantg3@cbsnews.com,626-541-5721,Pingdu
581,Calvário,hudyg4@domainmarket.com,279-945-3588,Shicong
582,Bahía de Caráquez,fohmg5@twitter.com,737-856-5275,Mibu
583,Vólos,sdickensong6@ucsd.edu,876-450-7521,Longjiang
584,Ngrejo,blungg7@lulu.com,923-660-8440,Pionerskiy
585,Onueke,elaceg8@dion.ne.jp,777-385-7655,Jimusa’er
586,Guadalupe,godesong9@nbcnews.com,396-199-8707,Bayt Liqyā
587,Loma,rsawdyga@digg.com,701-602-6352,Chelyabinsk
588,Koshki,nbrinsongb@drupal.org,860-120-4287,San Juan de Mata
589,Nürnberg,spaxefordgc@topsy.com,145-432-8840,Shahr-e Qods
590,Colonia Mauricio José Troche,cdowdgd@google.ru,928-542-7452,Tadmur
591,Nu’erbage,rnouchge@wp.com,606-569-9438,Ognevka
592,Gävle,mgreenrodgf@google.ru,607-396-6443,Bherāmāra
593,Thạnh Mỹ,bsamgg@spotify.com,880-360-8850,Ovruch
594,Stara Kornica,rdrydalegh@microsoft.com,724-782-3494,Pilar
595,Encontrados,aantoniazzigi@chronoengine.com,692-516-4615,Serra da Silveira
596,Urkarakh,cdalgleishgj@apache.org,135-190-9873,Pamplona/Iruña
597,Oslo,alellogk@boston.com,675-980-4645,Karantaba
598,Banjarmasin,rcrumbygl@ucla.edu,161-733-1063,Bilyayivka
599,Zhenping Chengguanzhen,lpirniegm@privacy.gov.au,722-388-0678,Wotan
600,Changbao,cpidgeongn@photobucket.com,199-283-5446,Rymanów
601,Ciracap,vcollargo@jiathis.com,536-814-8934,Antes
602,Batulayang,pleatgp@cornell.edu,774-645-3514,Minshan
603,Amadeo,hburroughesgq@jalbum.net,649-683-3249,Liquica
604,Henglin,jcregangr@weather.com,982-323-7375,Oslo
605,Jiangwan,pdeningtongs@t.co,807-988-8833,Krasnohrad
606,Shanshu,bjoplingt@salon.com,568-245-5836,Palaihari
607,Bonik,cisongu@taobao.com,808-267-0903,Ituberá
608,Wanjia,ljackalingv@yahoo.co.jp,425-282-6357,Amagasaki
609,Lugui,ugoomsgw@state.gov,866-796-9958,Ulichnoye
610,Tongle,swhitloegx@fastcompany.com,667-890-2312,Zvenigorod
611,Ruangwa,aselwyngy@yahoo.com,764-167-8021,Toulouse
612,La Palma,qshortergz@amazon.co.jp,672-976-2969,Nossa Senhora da Glória
613,Chixi,tlucienh0@technorati.com,407-819-4813,Bergen
614,Cigaluh,cfeighryh1@apache.org,121-786-6671,Henglishan
615,Bakungan,vvillaronh2@epa.gov,620-125-4547,Oakland
616,Tabou,mbentinckh3@sfgate.com,140-191-0962,Kitakami
617,Tatebal,ccurrmh4@elegantthemes.com,473-526-5848,Bolderaja
618,Yunxi,zvanyakinh5@twitpic.com,888-116-9567,Soloneshnoye
619,São Miguel do Araguaia,imacdowalh6@quantcast.com,300-433-0838,Dassun
620,København,ajolyh7@wikipedia.org,141-722-2959,Bessonovka
621,Shambu,jbatteyh8@hhs.gov,257-182-0339,Guandu
622,Dungloe,thartleburyh9@flickr.com,574-194-5418,Mali Iđoš
623,Sampir,gcoskerryha@biblegateway.com,566-944-6099,Barqueiro
624,Liběšice,kyegorshinhb@theguardian.com,395-573-3891,Dahu
625,Staraya Ladoga,etabbhc@upenn.edu,512-565-6365,Kangping
626,Coelho Neto,rwoodheadhd@examiner.com,239-399-4970,Bata Tengah
627,Uchaly,rsamterhe@independent.co.uk,825-848-0225,Shi’an
628,Örnsköldsvik,mbathhf@wordpress.com,591-384-8654,Balindong
629,Ljusdal,kcumminehg@baidu.com,623-422-1707,Ufa
630,Mont-Laurier,gricheshh@elegantthemes.com,221-166-3143,Chelyabinsk
631,Lyskovo,kportresshi@cnn.com,632-707-6454,Las Tablas
632,Panoongan,ygoodbarrhj@dedecms.com,222-541-3848,Leuwidamar
633,Haokou,hbottomerhk@topsy.com,565-614-4423,Tayug
634,Nikolayevka,wsimonatohl@elegantthemes.com,553-608-9587,Qingshui
635,Kopen,nweighellhm@privacy.gov.au,424-559-9599,Novoaleksandrovsk
636,Caxias do Sul,tburneyhn@1688.com,149-580-8716,Stockholm
637,Lons-le-Saunier,abreamho@earthlink.net,224-881-1460,Troyes
638,Taquarituba,mbiddellhp@pagesperso-orange.fr,396-463-3335,Palmital
639,Ptení,herretthq@quantcast.com,716-241-6090,Dhībīn
640,Trần Văn Thời,ppepishr@paginegialle.it,701-526-6779,Ani-e
641,Dalongtan,rtwelveshs@blogtalkradio.com,712-947-1660,Vidoši
642,Rio Novo do Sul,amuscottht@eventbrite.com,102-267-9276,Hupalivka
643,Handaqi,ckrzyzanowskihu@trellian.com,323-754-8780,Girijaya
644,Maykor,nkonighv@typepad.com,523-632-5695,Borås
645,Karangdalam,nchstneyhw@nsw.gov.au,831-732-8915,Chillia
646,Qiaotou,elonnonhx@ehow.com,471-420-5516,Szczerbice
647,Timeng,sburrougheshy@apple.com,926-379-5885,Danglang Hudong
648,Cigemlong,gheathfieldhz@feedburner.com,785-989-3907,Lillers
649,Dijon,bdearlei0@homestead.com,169-914-2538,Milevsko
650,Havířov,sheninghami1@amazon.co.uk,857-930-8933,Fāqūs
651,Prupuh,rocklini2@posterous.com,460-519-5170,Ngembo
652,Ростуша,atandeyi3@storify.com,560-890-7477,Wangdun
653,Changqing,ciacopoi4@flickr.com,767-625-1189,Colorado Springs
654,Parrita,wsherratti5@washingtonpost.com,310-818-8044,Gunungtua
655,Aubergenville,aleedi6@devhub.com,154-178-6611,Kohtla-Järve
656,Buenavista,gambleri7@mozilla.com,245-650-0494,Yedun
657,Xiazhai,sjewari8@unicef.org,421-573-5652,Malambo
658,Uchimaru,wdabneri9@yolasite.com,766-225-4841,Ban Mo
659,Outeiro,dcastrilloia@phoca.cz,546-514-4609,Nykvarn
660,Omigawa,basprayib@google.pl,800-918-3975,Batouri
661,Rungis,olevetic@loc.gov,302-765-7545,Chocz
662,Purificación,aallonid@wufoo.com,770-474-2456,Lazarat
663,Aubenas,codornanie@howstuffworks.com,266-339-3118,Kuroda
664,Maliana,tevendenif@bbb.org,324-650-8641,Jangheung
665,Dumaguil,mshuxsmithig@craigslist.org,478-345-0498,Arroyo Seco
666,Bébédja,lmeiklamih@mayoclinic.com,733-274-3391,Xunqiao
667,Pingshui,hwishkarii@flickr.com,587-765-1313,Mingyue
668,Panyingkiran,ntesmondij@jalbum.net,682-841-2926,Jeżów
669,Saint-Laurent-Blangy,dmckinnonik@github.com,485-197-5255,Aricapampa
670,Gangnan,sallattil@blinklist.com,204-322-0088,Port Elizabeth
671,Banjar Bengkelgede,gnobbsim@slideshare.net,644-523-5106,Chengnan
672,Hezhai,ecrampinin@artisteer.com,289-820-2263,Ilihan
673,Elvas,mlangsdonio@nsw.gov.au,412-357-7851,São Martinho
674,Rancabolang,hstellinoip@amazon.co.jp,785-178-9173,Shanhou
675,El Monte,mskeeniq@mlb.com,712-807-4536,Corcuera
676,Dongchong,kcaddenir@newyorker.com,224-250-6151,Karangdalam
677,Tanay,nstrideis@ted.com,505-763-4456,Shijiang
678,Midlands,mokkerit@sohu.com,702-180-5785,Campo Belo
679,Jōetsu,ckiezleriu@i2i.jp,666-922-5820,Hässleholm
680,Karangranjong,jmeekiniv@t.co,959-793-1517,Qiaotou
681,Xitou,mfriediw@umich.edu,896-454-2750,Caitang
682,Saint-Malo,dduggonix@bloglovin.com,682-148-1857,Dianqian
683,Paarl,mcheasmaniy@archive.org,372-704-8698,Tampa
684,Dasuk,emccrystaliz@joomla.org,496-908-4850,Shiqiao
685,Kolirerek,gstowgillj0@skype.com,388-701-9363,Muqi
686,Villa Serrano,cblackaterj1@nature.com,542-525-4273,Zhongben
687,Uglovoye,ttupiej2@hp.com,679-488-0026,Muye
688,Tirana,ospellerj3@cocolog-nifty.com,758-205-9947,Mekarjaya Satu
689,‘Ajlūn,eansteyj4@msu.edu,169-905-2166,Kota Bharu
690,Rîbniţa,jstoltingj5@myspace.com,430-120-9676,Gornorechenskiy
691,Sarishābāri,jmcterryj6@google.com.br,855-104-3136,Kastsyukovichy
692,Pulosari,vproudlerj7@cnn.com,590-857-4610,Saint-Pierre-Montlimart
693,Karangdalam,njerschj8@yellowpages.com,440-731-9623,Västerås
694,Pingyi,lcutajarj9@businesswire.com,876-165-9095,Votkinsk
695,Ban Nahin,dcromieja@tumblr.com,975-814-8099,Lubao
696,Dalakovo,gmeadmorejb@jimdo.com,211-230-5156,Azor
697,Ebetsu,hdungeyjc@xrea.com,573-246-1915,Manhan
698,Boafeo,janglishjd@liveinternet.ru,637-709-0063,Longxi
699,Ziyuan,awilshawje@g.co,729-923-7450,Palopo
700,Pereiro,eagusjf@xinhuanet.com,626-337-5504,Santa Fe de la Vera Cruz
701,Akouda,smannakeejg@sfgate.com,438-326-0793,Humaitá
702,Utsunomiya-shi,mgladdinjh@thetimes.co.uk,979-538-3324,Itabaiana
703,Uritsk,mhendrickxji@aol.com,203-612-6688,Srabah
704,Cikuning,dmceloryjj@chicagotribune.com,223-427-0796,Kagoshima-shi
705,Wangge’ertang,mklaiserjk@photobucket.com,987-769-1996,Jām Sāhib
706,Yushan,ncullrfordjl@stanford.edu,903-336-1364,Yuzawa
707,Trzciana,hdudnyjm@youtube.com,304-477-0737,Krajanbonjor
708,Mỹ Thọ,sphizacleajn@xinhuanet.com,244-295-2811,Ridder
709,Houmt Souk,aprestagejo@liveinternet.ru,712-738-8743,Karangbungur
710,Bilüü,aizatsonjp@is.gd,501-705-1665,Oibioin
711,Daohe,mjakovijevicjq@w3.org,690-796-5672,Lidingö
712,Lingquan,jlackintonjr@redcross.org,548-506-5167,Alhambra
713,Faruka,anevilljs@netvibes.com,278-304-9891,Al Balyanā
714,Kendalngupuk,kwelshjt@census.gov,658-930-4474,Hetou
715,Jam,wrobberechtju@pagesperso-orange.fr,119-309-0394,Nila Dua
716,Yimnón,hdouthwaitejv@smugmug.com,405-518-2717,Dyurtyuli
717,Lazdijai,nmilksopjw@liveinternet.ru,251-326-4348,Colmeal
718,Santa Lucia,jlesurfjx@wufoo.com,990-368-6562,Nankou
719,Vir,cmarrionjy@meetup.com,278-571-0643,Lamut
720,Santa Bárbara de Padrões,aashardjz@eventbrite.com,426-540-5921,Dalianwan
721,Itajuípe,asiudak0@npr.org,667-774-0864,Kosmach
722,Stalbe,ccollierk1@example.com,868-464-3681,Pacov
723,Jadów,ccaughtryk2@sina.com.cn,689-359-4029,Odienné
724,Palma De Mallorca,kginiek3@photobucket.com,552-333-0974,Desa Werasari
725,Al Ḩumaydāt,haleksashink4@hugedomains.com,153-760-2715,Mariara
726,Sarāb,swormank5@tinypic.com,882-897-6644,Chengui
727,Huanuni,njovicevick6@springer.com,309-237-8651,San Antonio
728,Chatturat,mmcginnellk7@tmall.com,723-401-4196,Malesína
729,Wulan,sbollink8@msu.edu,801-968-3050,Kista
730,Cruzeiro,jfriark9@studiopress.com,174-218-3612,Iogach
731,Heishan,mcoccika@sciencedirect.com,475-355-1022,Na Chueak
732,Racławice,mblowinkb@hhs.gov,243-681-6860,Khantaghy
733,Hüremt,rpaulazzikc@census.gov,546-638-9257,Ban Selaphum
734,Dopang,shaselhurstkd@wsj.com,175-123-3917,Obodivka
735,Nila Dua,neilhersenke@mail.ru,554-575-5170,Novodmitriyevskaya
736,Tunjuk Selatan,wfucherkf@myspace.com,261-160-2083,Jiquinlaca
737,Stopnica,jtabramkg@ocn.ne.jp,830-744-4996,Mulatupo
738,Paris La Défense,asandbachkh@icio.us,175-431-5197,Zhengyu
739,Motegi,mshanklinki@bbb.org,428-155-9960,Jiujie
740,Vila,lbachmannkj@wikimedia.org,507-758-3047,Outlook
741,Boyu,bguidottikk@google.es,660-705-7015,São José dos Pinhais
742,Bilaran,mlervenkl@homestead.com,928-556-3026,Piúma
743,Murcia,tkerreykm@alibaba.com,601-460-2347,Barusuda
744,Mendeleyevsk,rkelsonkn@engadget.com,524-442-3603,Bački Petrovac
745,Novo-Peredelkino,dbraceko@businessweek.com,231-712-0086,Novoselitsa
746,Impendle,bhurdedgekp@pinterest.com,143-816-3764,Manuel Cavazos Lerma
747,Maoping,hzamboninikq@newsvine.com,107-279-4289,Atamanovka
748,U Minh,efritchleykr@unicef.org,721-599-5773,Carot
749,Sinjhoro,wleggingks@google.com.br,149-211-7537,Daduchuan
750,Gaiyang,evaudkt@t.co,989-891-2024,Maria Aurora
751,Adjumani,hcomiskeyku@dailymotion.com,946-733-4164,Risaralda
752,Thabazimbi,leichmannkv@msu.edu,907-742-6874,Łętownia
753,Bayonne,lcripinkw@ifeng.com,902-582-0836,El Ángel
754,Umeå,ltoffolonikx@hubpages.com,465-517-5826,Antiguo Cuscatlán
755,Changchuan,ycreelmanky@globo.com,848-278-9419,Urungpigang
756,Bunia,saskenkz@ucsd.edu,103-624-0363,Waiwejak
757,Bogorejo,cferridayl0@arstechnica.com,300-142-2868,Kovářská
758,Guernica,lswindinl1@cmu.edu,476-528-6595,Myślenice
759,Binlod,lschabenl2@surveymonkey.com,505-867-9314,Jangkungkusumo
760,Abakan,rsoppl3@oracle.com,751-361-0102,Pajić Polje
761,Parys,haberhartl4@army.mil,182-968-2045,Yotsukaidō
762,Rimbo,ttoplisl5@free.fr,695-116-5276,Yunhe
763,Gucheng,bspittlesl6@umich.edu,535-146-3587,Sasykoli
764,Abuyog,breadingl7@irs.gov,576-588-9627,Strängnäs
765,Hongjia,afolbigl8@princeton.edu,457-564-2011,Katyr-Yurt
766,Azovo,lculshewl9@cdc.gov,881-810-7067,Tianyi
767,Lewolere,hcumminsla@cyberchimps.com,675-907-8745,Vis
768,Xingang,wjelleylb@wikispaces.com,280-913-3306,Huashi
769,Seixo Alvo,lummfreylc@economist.com,574-677-2282,Lueng Putu
770,Kulia Village,dbettisld@networksolutions.com,655-251-5580,Lubukgadang
771,Maţāy,bemmettle@bloomberg.com,643-199-1382,Perreng
772,Santa Teresita,skeedwelllf@plala.or.jp,685-538-4653,Immātīn
773,Barwałd Górny,pbornlg@icq.com,749-298-3008,Ostrzeszów
774,Muesanaik,mdalescolh@archive.org,400-197-3770,Moa
775,Creil,dhornigli@squidoo.com,915-174-1336,Raymond
776,Gumawang,kkilfordlj@cnn.com,242-874-0321,Lianovérgi
777,Jingyang,crockalllk@linkedin.com,506-535-5680,København
778,Jiulong,mbottomorell@xrea.com,753-338-5594,Shangshaleng
779,Quillo,nbezarralm@cyberchimps.com,733-424-2307,Drogomyśl
780,Tanggungrejo,mdunln@ucoz.com,107-853-4876,Kumanovo
781,Coromandel,erobjentslo@indiatimes.com,699-626-3720,Oetutulul
782,Krajan Karanganyar,rgibbenlp@cornell.edu,843-467-9283,Rancabungur
783,Khantaghy,croderigolq@msu.edu,723-120-4454,Huanghua
784,Guarapuava,jtripelr@prnewswire.com,367-166-4927,Kembang
785,Gechuan,bmenearls@dailymotion.com,262-626-3473,Batudulang
786,Junliangcheng,rwineslt@economist.com,366-235-6979,Pagaruša
787,Gvardeysk,mgarforthlu@lulu.com,363-161-0094,Sawahrandu
788,Grand Sable,mfishlylv@wired.com,546-368-5269,Cawayan Bugtong
789,Rockford,taronovlw@live.com,815-176-4526,San Pa Tong
790,Kostinbrod,hbrosellx@dedecms.com,234-532-5815,Baku
791,Bayan Qagan,dsweeneyly@howstuffworks.com,917-875-3866,Brejos
792,Benito Juarez,fwittringtonlz@nature.com,128-527-9031,Yanqi
793,Kamieniec Wrocławski,cmusterdm0@nih.gov,886-506-0230,Athens
794,Freetown,mbichenom1@princeton.edu,394-552-4671,Non Narai
795,Zhongxing,cflackm2@seattletimes.com,405-157-8917,Whittlesea
796,Fushan,tkeddeym3@cbslocal.com,774-227-3001,Sandaowan
797,Debe,jsiemandlm4@vinaora.com,203-405-9820,Chenfangji
798,Oskarshamn,srowatm5@usda.gov,330-660-2037,Sardasht
799,Rungis,sbaggallym6@salon.com,690-430-3899,Gobang
800,Zhougao,tdorosariom7@a8.net,494-595-7900,Jasugih Selatan
801,Hashimoto,kpittetm8@networkadvertising.org,121-543-2044,Magsalangi
802,Villa Las Rosas,rraecroftm9@bing.com,666-576-3589,Longwantun
803,Xin’andu,lmcgloinma@narod.ru,823-422-6289,Tarakan
804,Risālpur,ssambiedgemb@storify.com,382-314-2982,Beyla
805,Tworków,tgouldiemc@europa.eu,770-648-8694,Gumaus
806,Åmål,mabrehartmd@dot.gov,394-384-0067,Saint-Denis
807,Vicente Guerrero,wcarsonme@booking.com,219-273-2287,Jiulong
808,Cheyenne,ragdahlmf@ftc.gov,307-151-3153,Cuozheqiangma
809,Mojoroto,vhoffmannmg@usatoday.com,222-102-6836,Blobo
810,Pohbango,rkeetingmh@cornell.edu,297-269-7167,Atães
811,Lingbei,tdcruzemi@irs.gov,346-288-7472,Hai’an
812,Haunubenak,dgozzettmj@moonfruit.com,120-172-2765,Nankou
813,Libog,apeachmk@xinhuanet.com,640-901-1545,Bua Yai
814,Desa Baregbeg,atomaszekml@behance.net,476-923-9281,Heerlen
815,Lisków,astuckeymm@blinklist.com,545-284-2002,Chalandrítsa
816,San Vicente,hiskowitzmn@godaddy.com,731-281-2950,Kopparberg
817,Novi Zagreb,aminshallmo@google.com.au,813-770-7992,Oslo
818,Bromma,smacascaidhmp@cargocollective.com,549-153-3199,Huddinge
819,Gaoliban,nforwardmq@businessinsider.com,738-315-3764,Krinichnaya
820,Vilkija,aschukertmr@github.com,714-110-1153,Oemofa
821,Thành Phố Lạng Sơn,somullenms@eepurl.com,234-757-4524,Bazar-Korgon
822,Lille,rmaddisonmt@bravesites.com,514-599-2890,Ejigbo
823,Xiangshui,rnestlemu@nhs.uk,536-359-9343,Shiniu
824,Nokaneng,erubicamv@cbslocal.com,754-183-6517,Shimen
825,Reiko,awyrillmw@accuweather.com,233-776-8718,Limulan
826,Smederevska Palanka,skinghammx@si.edu,233-639-4077,Hatton
827,Podebłocie,sreekenmy@joomla.org,911-411-5247,Seixezelo
828,Melenki,dpinchbackmz@usnews.com,459-403-1973,Örebro
829,Pingzhuang,hmatasn0@amazon.co.uk,887-869-1337,Mielec
830,Nankun,eteaseyn1@sourceforge.net,631-833-4954,Balazar
831,Burevestnik,dmossdalen2@amazonaws.com,371-854-4943,Kildare
832,Doropeti,brimmingtonn3@t.co,644-273-6994,Bulacnin
833,Karipidita,bfrydn4@naver.com,704-512-6508,Argenteuil
834,Stockholm,imcginleyn5@ustream.tv,449-626-1786,Pirajuí
835,Bang Bo,jhancilln6@instagram.com,354-892-3634,Kuala Terengganu
836,Jinbo,cledsonn7@fema.gov,640-512-9200,Sicheng
837,Bukovany,ablackmuirn8@booking.com,220-857-2846,Kailahun
838,Pishaj,bjurickn9@upenn.edu,784-487-1897,Miaojie
839,Gudang,hviallna@delicious.com,991-176-6730,Wirodayan
840,Tétouan,gbehnennb@etsy.com,766-188-5385,Tominian
841,Przecław,cowttrimnc@redcross.org,748-589-7015,Rokytne
842,Skórzec,dglassnd@xinhuanet.com,134-263-4753,Guilin
843,Rentian,bsnawdenne@sciencedaily.com,215-766-9412,Calape
844,Shidu,pbotgernf@cbc.ca,338-973-3144,Jiaoyuan
845,Saint-Bruno-de-Montarville,agolstonng@de.vu,205-755-5110,Chimbas
846,Nanxing,lmcpolinnh@cbc.ca,318-686-7089,Coulommiers
847,Vostryakovo,adavidavidovicsni@sphinn.com,934-342-8070,Casais
848,Chak Two Hundred Forty-Nine TDA,lboltnj@youku.com,257-115-8329,Botoh
849,Västerås,bkingsnoadnk@webmd.com,689-452-1471,Oporapa
850,Wilmington,ssoldnernl@geocities.jp,302-402-2938,Lalauigan
851,Créteil,aleddienm@unc.edu,419-768-7638,Yambol
852,Xujiadian,galdrittnn@prlog.org,332-946-2711,Berlin
853,Thị Trấn Cao Phong,tbaudno@imgur.com,451-378-7812,Basa
854,Sambilawang,dwatsonnp@tinyurl.com,490-693-2054,Wąwolnica
855,Bakov nad Jizerou,jfauguelnq@jigsy.com,833-181-1007,Petropavlovsk
856,Lingion,breaynr@salon.com,536-372-5642,Yanmen
857,Dagda,leverardns@list-manage.com,566-787-8546,Hancheng
858,Nizami,dpilipyaknt@cnet.com,575-154-8796,Fontenay-sous-Bois
859,Santiago del Torno,atilfordnu@twitpic.com,243-405-6304,Zhaotong
860,Pita,sannandnv@scientificamerican.com,352-912-3145,Banjar Banyuning Barat
861,Cantuk Kidul,asidnallnw@china.com.cn,556-168-4587,Cabinda
862,Jazovo,mcollinettenx@uol.com.br,769-582-6655,Logung
863,Qila Abdullāh,rbassillny@google.fr,484-819-0218,Pidhaytsi
864,Chujiang,bpopovnz@stumbleupon.com,114-871-9778,Facatativá
865,Salmi,nskilbecko0@typepad.com,195-607-1086,Poncokusumo
866,Rennes,ewollraucho1@privacy.gov.au,546-679-5937,Urshel’skiy
867,Ukata,pdolano2@arizona.edu,995-379-4420,Puerto Aisén
868,Eastern Suburbs Mc,hskittleo3@msu.edu,823-349-2359,Bloomington
869,Ila Orangun,sdancero4@upenn.edu,781-225-5871,Kashmor
870,Pathum Thani,gelnero5@google.com.br,905-832-2624,Mońki
871,Växjö,rernio6@oracle.com,264-283-6396,Guangpu
872,Campina Grande do Sul,hjephcoteo7@alexa.com,884-979-5217,Hidalgo
873,Kajatian,bkilleo8@nbcnews.com,408-686-9286,Tsalka
874,Gedongmulyo,jantognozziio9@i2i.jp,634-444-0931,Kelīshād va Sūdarjān
875,Brumado,kbackmanoa@hibu.com,995-494-0491,Jiaoshi
876,Bantarpanjang,tshaplandob@feedburner.com,797-807-2955,Sietesz
877,Pudong,dgilksoc@google.com,999-861-7773,Tiarei
878,Ntungamo,dflawnod@dyndns.org,502-326-4243,Lajarik
879,Garhi Yāsīn,iklinkoe@cbsnews.com,133-861-6392,Cabannungan Second
880,Xihuachi,lisbellof@deviantart.com,365-445-6824,Sanbaishan
881,Severo-Yeniseyskiy,dnolletog@mapquest.com,697-557-5916,Naushahro Fīroz
882,Oke Ila,mroocroftoh@techcrunch.com,136-475-8181,Talavera
883,Sukamulya,gcominettioi@google.cn,144-733-4763,Bakovci
884,Dārāb,vborthramoj@constantcontact.com,218-282-4047,Kungsbacka
885,Kostrzyn nad Odrą,amatessianok@samsung.com,368-782-5195,Cansolungon
886,Longxi,bhilldrupol@europa.eu,872-802-0432,Iaçu
887,Tonoas Municipal Building,mbrazenorom@csmonitor.com,673-212-9565,Jambubol
888,Reims,rfilyashinon@samsung.com,519-706-6803,Nizhnepavlovka
889,Terentang,keddisonoo@bbb.org,227-566-6976,Krasnyy Yar
890,Puerto Francisco de Orellana,wzapateroop@elegantthemes.com,638-196-7245,Maslog
891,Furmanov,bdeavenelloq@shareasale.com,343-142-4618,Rado
892,Javarthushuu,rdaughtryor@edublogs.org,749-113-1741,Tân Hòa
893,Al Ḩammāmāt,sdelamereos@goodreads.com,883-445-5321,Jifnā
894,Gunungmanik,fjobeot@typepad.com,439-937-7367,Szeged
895,Al Jadīd,chulmeou@webnode.com,249-797-1612,Sorang
896,Zhujiachang,isalvadorov@chron.com,538-377-9663,Armen
897,Erdaojiang,hbernoletow@amazon.co.jp,339-814-8162,Axioúpoli
898,Hulitu,sestcotox@chronoengine.com,505-618-5110,Poissy
899,Chapultepec,dstockfordoy@uiuc.edu,843-435-5039,Lebao
900,Yuxarı Aran,hpopworthoz@intel.com,455-425-5663,Cruz de los Milagros
901,Trosa,mkenninghanp0@nymag.com,173-597-4079,Eindhoven
902,Gurinai,jhellyarp1@harvard.edu,216-816-3878,Rancagua
903,Xintai,astappardp2@paypal.com,196-138-2036,Pau
904,Hermosa,tleedesp3@shinystat.com,856-556-8073,Libenge
905,Yerba Buena,ibloxsump4@opera.com,475-656-5015,Krasnokumskoye
906,Ronneby,enormandp5@dedecms.com,720-534-5408,Funtua
907,Kraków,hpatronip6@washingtonpost.com,340-261-8195,Pando
908,Getung,lkillelayp7@shinystat.com,906-988-5586,Minas de Oro
909,Fuxi,jmullenderp8@independent.co.uk,231-847-3870,Aleksandrovac
910,Caburan,rkillelayp9@cyberchimps.com,177-964-5617,Tohautu
911,Gandoang,lgannicleffpa@jimdo.com,804-775-0726,Dali
912,Abuyog,jettritchpb@networksolutions.com,288-356-0623,Jimusa’er
913,Makoko,patkirkpc@alexa.com,236-835-2663,Nanpu
914,Paojan,kclapshawpd@dyndns.org,164-111-3696,Maubara
915,Malvinas Argentinas,mhaslockepe@state.tx.us,820-670-8671,Uzgen
916,Kuala Terengganu,pcroosepf@prlog.org,213-294-7376,Boulsa
917,Muroto-misakicho,pondrichpg@ustream.tv,185-912-6070,Ljutomer
918,Xinhua,vphilpinph@twitter.com,274-772-2042,Barda
919,Sabana de Parra,hdecrusepi@bluehost.com,740-633-1389,Lago dos Rodrigues
920,Hagonoy,slibbepj@state.tx.us,578-584-9174,Thouars
921,Malawa,nmasicpk@ow.ly,650-874-0387,Garoua
922,Xiaomei,pblancepl@gov.uk,911-919-8062,Solok
923,Kyzyl,bwisbypm@google.com.au,384-149-6530,Dolores
924,Yonghe,rhindespn@yellowbook.com,418-327-4476,Laugar
925,Ait Ali,hcampionepo@wsj.com,136-946-2072,Zhenping Chengguanzhen
926,Citampian,bsuffepp@msu.edu,392-905-0268,Changshengqiao
927,Sourotí,hokendenpq@pinterest.com,101-735-2004,Nanzamu
928,Priargunsk,ohuonicpr@storify.com,363-673-6616,Kloangpopot
929,Sabadell,akoresps@addthis.com,555-801-8960,Navoiy
930,Kasonawejo,szorropt@cafepress.com,146-563-4676,Brok
931,Ciparay,ceickpu@msu.edu,742-642-1508,Santo António
932,Mauá,dmaylourpv@twitter.com,468-839-8499,Bebedouro
933,Vale de Figueira,jabsolompw@businessweek.com,940-216-7131,San Pablo
934,Batugede Kulon,dwarykpx@icio.us,727-452-5177,Mora
935,Campo Alegre,klinnemanpy@plala.or.jp,888-551-8796,Carigara
936,Angkimang,wowensonpz@yelp.com,628-334-4523,Rudnyy
937,Lirang,lbayfieldq0@amazonaws.com,943-137-3463,Batugede Kulon
938,Kyzyl,yrowlingsq1@engadget.com,458-217-8091,Gorna Oryakhovitsa
939,Erdaohe,mmerritonq2@cornell.edu,398-923-3917,Machida
940,Gabao,mkillingworthq3@baidu.com,974-829-3523,Beishan
941,Sexmoan,ekelkq4@harvard.edu,333-472-1769,Aveleda
942,Hongkeli,tvanhoveq5@spotify.com,560-494-2456,Antequera
943,Żernica,itrudeq6@altervista.org,946-449-4927,Phanat Nikhom
944,Capitán Bado,mdrengq7@blinklist.com,800-824-1848,Almafuerte
945,Sacanta,vjanousq8@com.com,598-394-9095,Bariri
946,Sidomulyo Kulon,fmackibbonq9@webnode.com,846-751-7962,Nordeste
947,Diaoling,bdowyerqa@reference.com,632-569-6078,Ushi
948,Yolöten,eallbonqb@mlb.com,881-595-5101,Xintang
949,Cantilan,npartridgeqc@dailymail.co.uk,874-540-7996,Pura
950,Mahaica Village,pclitheroeqd@deviantart.com,492-405-2938,Desa Werasari
951,Otjiwarongo,eedwickqe@prweb.com,436-204-2677,Lishu
952,Diébougou,jparradyeqf@soup.io,540-279-5872,Västervik
953,Zhoutian,ndurramqg@jimdo.com,109-415-3094,Lappi
954,Xincheng,kalvesqh@i2i.jp,439-601-6891,Estoi
955,Sịa,obonsonqi@ucsd.edu,764-279-7568,Mojimán
956,Cova da Iria,mmatterseyqj@t-online.de,160-777-6730,Lokea
957,Chenzhuang,ldeamayaqk@webeden.co.uk,792-735-7690,Sindangsari
958,Pajeksan,fbushql@hugedomains.com,664-770-9910,Bileća
959,Rakitovo,jcarrickqm@t-online.de,636-917-8635,Idanha-a-Nova
960,Chojna,sbirchwoodqn@histats.com,752-358-3898,Parigi
961,Vólos,egiacobelliqo@stanford.edu,297-205-5475,Nova Viçosa
962,Donggaocun,cskymeqp@dot.gov,311-278-3160,Ernestinovo
963,Itum-Kali,vmarneyqq@networkadvertising.org,625-573-1816,Donghai
964,Le Port,ljekyllqr@latimes.com,228-643-5031,Ihuari
965,Yancheng,kdemattiaqs@home.pl,698-775-7022,Shatki
966,Kiikala,gkidderqt@naver.com,990-104-7094,Duping
967,Muaralembu,efinequ@wp.com,423-626-8963,Ughelli
968,Cikulahan,swiggallqv@china.com.cn,273-591-5185,Kamal
969,Kusak,gpetersenqw@mail.ru,748-112-1123,Phan Rang-Tháp Chàm
970,Rawaapu,lruddochqx@apache.org,242-428-8107,Cipinang
971,Lipce Reymontowskie,sburnsellqy@marketwatch.com,309-166-7792,Cintra
972,Emiliano Zapata,hdimitrieqz@skyrock.com,605-920-7289,Alicante/Alacant
973,Guayabal,naspler0@indiegogo.com,133-211-8181,Pakenjeng
974,Kazanskoye,ybentsenr1@delicious.com,239-413-7713,Cibunar
975,Sapiranga,alissettr2@youtube.com,294-174-2957,Vostok
976,Reims,dffrenchr3@techcrunch.com,957-621-0799,Kraljevo
977,Naushki,fsimonardr4@quantcast.com,499-784-3130,Lentisqueira
978,Pasararba,lsyphusr5@cnet.com,107-561-5758,Maniwaki
979,Bol’shoy Karay,ephilsonr6@storify.com,763-137-6163,Makoba
980,Oued Zem,bremmerr7@seattletimes.com,366-595-1990,Suklayin
981,Canhas,rmurdyr8@ibm.com,318-356-1455,Ar Ramāḑīn
982,Tarrafal,brobbenr9@oakley.com,371-261-5019,Farap
983,Gudang,jconquerra@sohu.com,641-832-9699,Saint-Jérôme
984,Dzvinogrud,gdunsrb@ebay.co.uk,394-561-1423,Oefatu
985,Weyburn,fgiddonsrc@chicagotribune.com,990-533-9574,Phúc Yên
986,Varoška Rijeka,ssimnerrd@wordpress.org,692-318-9378,La Unión
987,Tanahwangko,bpeadre@independent.co.uk,980-762-3589,Simimbaan
988,Costeira do Pirajubae,ishildrickrf@t.co,229-949-9028,Hualin
989,Fartura,wmcinneryrg@google.ca,607-920-0713,Venilale
990,Hongch’ŏn,msemirasrh@i2i.jp,122-356-9733,Jomda
991,Dayangqi,nflackri@pagesperso-orange.fr,393-963-0897,Sult
992,Vnukovo,flownesrj@princeton.edu,380-564-5323,Monte Branco
993,Brämhult,astricklerrk@home.pl,481-482-3700,Seseng
994,Bolderaja,bfukerl@weibo.com,975-612-9940,Kopayhorod
995,Rada Tilly,ppiecharm@usda.gov,409-113-0959,Bobota
996,Pringgoboyo,rconradrn@springer.com,378-829-7550,Vinha
997,Gaozhai,nbushawayro@ed.gov,283-636-7619,Lazaro Cardenas
998,Zhize,kpeattrp@clickbank.net,786-715-6462,Pakong
999,Altıağac,ppoorerq@weebly.com,136-242-3309,Koysinceq
1000,Cidima,aconnoldrr@sakura.ne.jp,412-865-0950,Bafilo
